{"cameraMode":{"drawMode":0,"name":"Shaded","section":"Shading Mode"},"sceneLighting":false,"audioPlay":false,"sceneViewState":{"m_AlwaysRefresh":false,"showFog":true,"showSkybox":false,"showFlares":true,"showImageEffects":true,"showParticleSystems":true,"showVisualEffectGraphs":true,"m_FxEnabled":true},"in2DMode":false,"pivot":{"x":-0.0048105716705322269,"y":1.1884127855300904,"z":-0.05306655168533325},"rotation":{"x":0.3779059648513794,"y":-0.266238808631897,"z":0.1144213080406189,"w":0.8793361783027649},"size":1.5742958784103394,"orthographic":false}