{"cameraMode":{"drawMode":0,"name":"Shaded","section":"Shading Mode"},"sceneLighting":false,"audioPlay":false,"sceneViewState":{"m_AlwaysRefresh":false,"showFog":true,"showSkybox":false,"showFlares":true,"showImageEffects":true,"showParticleSystems":true,"showVisualEffectGraphs":true,"m_FxEnabled":true},"in2DMode":false,"pivot":{"x":-36.892791748046878,"y":2.993856430053711,"z":5.904160022735596},"rotation":{"x":0.25271937251091006,"y":-0.22417089343070985,"z":0.06025385111570358,"w":0.9393108487129211},"size":0.6429723501205444,"orthographic":false}