{"cameraMode":{"drawMode":0,"name":"Shaded","section":"Shading Mode"},"sceneLighting":true,"audioPlay":false,"sceneViewState":{"m_AlwaysRefresh":false,"showFog":true,"showSkybox":true,"showFlares":true,"showImageEffects":true,"showParticleSystems":true,"showVisualEffectGraphs":true,"m_FxEnabled":true},"in2DMode":false,"pivot":{"x":-32.779998779296878,"y":4.269269943237305,"z":-0.6089677810668945},"rotation":{"x":-0.2547237277030945,"y":-0.16126801073551179,"z":0.04312526062130928,"w":-0.9525008201599121},"size":3.5058538913726808,"orthographic":false}