{"cameraMode":{"drawMode":0,"name":"Shaded","section":"Shading Mode"},"sceneLighting":false,"audioPlay":false,"sceneViewState":{"m_AlwaysRefresh":false,"showFog":true,"showSkybox":false,"showFlares":true,"showImageEffects":true,"showParticleSystems":true,"showVisualEffectGraphs":true,"m_FxEnabled":true},"in2DMode":false,"pivot":{"x":-29.946163177490236,"y":2.4622080326080324,"z":1.4927847385406495},"rotation":{"x":0.22435036301612855,"y":0.06633114069700241,"z":-0.015303480438888073,"w":0.9721332788467407},"size":0.6153009533882141,"orthographic":false}