{"cameraMode":{"drawMode":0,"name":"Shaded","section":"Shading Mode"},"sceneLighting":false,"audioPlay":false,"sceneViewState":{"m_AlwaysRefresh":false,"showFog":true,"showSkybox":false,"showFlares":true,"showImageEffects":true,"showParticleSystems":true,"showVisualEffectGraphs":true,"m_FxEnabled":true},"in2DMode":false,"pivot":{"x":-0.05449908971786499,"y":2.5789377689361574,"z":-0.0017409324645996094},"rotation":{"x":0.3779059648513794,"y":-0.266238808631897,"z":0.1144213080406189,"w":0.8793361783027649},"size":3.1914658546447756,"orthographic":false}