{"cameraMode":{"drawMode":0,"name":"Shaded","section":"Shading Mode"},"sceneLighting":false,"audioPlay":false,"sceneViewState":{"m_AlwaysRefresh":false,"showFog":true,"showSkybox":false,"showFlares":true,"showImageEffects":true,"showParticleSystems":true,"showVisualEffectGraphs":true,"m_FxEnabled":true},"in2DMode":false,"pivot":{"x":-32.227901458740237,"y":3.929795503616333,"z":0.16830438375473023},"rotation":{"x":-0.04651499539613724,"y":-0.10888262838125229,"z":0.005098890978842974,"w":-0.9929542541503906},"size":1.693556785583496,"orthographic":false}