{"cameraMode":{"drawMode":0,"name":"Shaded","section":"Shading Mode"},"sceneLighting":false,"audioPlay":false,"sceneViewState":{"m_AlwaysRefresh":false,"showFog":true,"showSkybox":false,"showFlares":true,"showImageEffects":true,"showParticleSystems":true,"showVisualEffectGraphs":true,"m_FxEnabled":true},"in2DMode":false,"pivot":{"x":0.9089999794960022,"y":2.0420000553131105,"z":2.2219998836517336},"rotation":{"x":0.2551519274711609,"y":-0.4794292151927948,"z":0.14799776673316956,"w":0.8265650868415833},"size":0.1299038529396057,"orthographic":false}