{"cameraMode":{"drawMode":0,"name":"Shaded","section":"Shading Mode"},"sceneLighting":false,"audioPlay":false,"sceneViewState":{"m_AlwaysRefresh":false,"showFog":true,"showSkybox":false,"showFlares":true,"showImageEffects":true,"showParticleSystems":true,"showVisualEffectGraphs":true,"m_FxEnabled":true},"in2DMode":false,"pivot":{"x":-3.950643301010132,"y":-1.2925004959106446,"z":-0.9000000953674316},"rotation":{"x":0.22435036301612855,"y":0.06633114069700241,"z":-0.015303480438888073,"w":0.9721332788467407},"size":8.869344711303711,"orthographic":false}