{"cameraMode":{"drawMode":0,"name":"Shaded","section":"Shading Mode"},"sceneLighting":true,"audioPlay":false,"sceneViewState":{"m_AlwaysRefresh":false,"showFog":true,"showSkybox":false,"showFlares":true,"showImageEffects":true,"showParticleSystems":true,"showVisualEffectGraphs":true,"m_FxEnabled":true},"in2DMode":false,"pivot":{"x":-35.618473052978519,"y":3.4984540939331056,"z":8.371650695800782},"rotation":{"x":-0.36921465396881106,"y":0.2587282657623291,"z":-0.10780899971723557,"w":-0.8860691785812378},"size":0.9186529517173767,"orthographic":false}